{
  "allFiles": [
    {
      "file": "/storage/emulated/0/AndroidIDEProjects/Anghamify/app/src/main/java/com/kero/Anghamify/hooks/sections/AdHooks.java",
      "selection": {
        "end": {
          "column": 1,
          "index": 1509,
          "line": 40
        },
        "start": {
          "column": 1,
          "index": 1509,
          "line": 40
        }
      }
    },
    {
      "file": "/storage/emulated/0/AndroidIDEProjects/Anghamify/app/src/main/java/com/kero/Anghamify/hooks/sections/PreferenceHelperHooks.java",
      "selection": {
        "end": {
          "column": 0,
          "index": 1289,
          "line": 43
        },
        "start": {
          "column": 84,
          "index": 1288,
          "line": 42
        }
      }
    }
  ],
  "selectedFile": "/storage/emulated/0/AndroidIDEProjects/Anghamify/app/src/main/java/com/kero/Anghamify/hooks/sections/AdHooks.java"
}